step,time_s,ncon,A_heel_n,A_mid_n,A_toe_n,U_heel_n,U_mid_n,U_toe_n,A_total_n,U_total_n,A_heel,A_mid,A_toe,U_heel,U_mid,U_toe,A_contact,U_contact
0,0.0,4,0.0,2.1945186083340507,232.1500701438236,428.057281172875,116.0751938268797,0.0,234.34458875215765,544.1324749997547,0,22,1024,1024,1024,0,1,1
1,0.01,4,0.0,2.0871342425539545,193.73099936398995,457.9225461913667,124.08545012783256,0.0,195.8181336065439,582.0079963191993,0,21,1024,1024,1024,0,1,1
2,0.02,5,0.0,1.5097139735947318,133.94958666155867,623.2629252169244,209.78884163188232,99.99239824023498,135.4593006351534,933.0441650890416,0,15,1024,1024,1024,1024,1,1
3,0.03,5,0.0,0.7362770629677684,68.49521437207696,611.3138444216065,202.20921032640112,89.5876076181064,69.23149143504473,903.1106623661141,0,8,701,1024,1024,917,1,1
4,0.04,5,0.0,0.2813086510559851,28.643779273110308,589.6564341226378,193.711998170471,83.2964323858338,28.92508792416629,866.6648646789426,0,3,293,1024,1024,853,1,1
5,0.05,5,0.0,0.37113379935166063,44.06558626695624,558.4271349854536,184.9079118141727,82.48995606535821,44.4367200663079,825.8250028649845,0,4,451,1024,1024,845,1,1
6,0.06,6,0.0,0.6119749274463894,86.24542864639352,520.5240828467221,166.55520196437806,89.12191521411536,86.8574035738399,776.2012000252155,0,6,883,1024,1024,913,1,1
7,0.07,7,0.0,0.7366372190830994,127.16292553737593,464.5332444968143,147.74894627618755,95.82101805360693,127.89956275645902,708.1032088266088,0,8,1024,1024,1024,981,1,1
8,0.08,7,0.0,0.8147550504569283,170.50937333128093,396.61229892411376,126.517987705482,95.9640401987688,171.32412838173786,619.0943268283645,0,8,1024,1024,1024,983,1,1
9,0.09,7,0.0,0.8702376972405061,215.63103915644143,340.01576103983837,107.73635964098307,92.49776743186905,216.50127685368193,540.2498881126905,0,9,1024,1024,1024,947,1,1
10,0.1,7,0.0,0.9175690269339288,258.8920177134452,299.93063481118344,93.77747863585927,84.93942823356414,259.80958674037913,478.6475416806069,0,9,1024,1024,960,870,1,1
11,0.11,7,0.0,0.9688231183967823,296.99527879694017,270.3918351688005,84.91502434890111,75.14889428396881,297.9641019153369,430.4557538016704,0,10,1024,1024,870,770,1,1
12,0.12,6,0.0,1.0149311807981383,325.65253461600537,237.25794349632974,78.33847029074353,60.61102328455783,326.6674657968035,376.20743707163115,0,10,1024,1024,802,621,1,1
13,0.13,4,0.0,1.0705040013122475,352.16774579317956,200.82198688461816,70.10690627070538,39.259702879185745,353.2382497944918,310.18859603450926,0,11,1024,1024,718,402,1,1
14,0.14,3,0.0,1.2006929940935733,393.33996873489554,200.66570739589125,53.958626161067556,0.0,394.5406617289891,254.6243335569588,0,12,1024,1024,553,0,1,1
15,0.15,4,0.0,1.431908475014011,454.94831639955385,204.76313750639153,55.03010684748162,0.0,456.38022487456783,259.79324435387315,0,15,1024,1024,564,0,1,1
16,0.16,4,0.0,1.6820268265856009,520.2251683576574,210.70639036255255,56.60266421334314,0.0,521.9071951842429,267.3090545758957,0,17,1024,1024,580,0,1,1
17,0.17,4,0.0,1.9165702427556015,583.9204146285226,210.09444798275462,56.41446019864652,0.0,585.8369848712782,266.5089081814011,0,20,1024,1024,578,0,1,1
18,0.18,2,0.0,2.2099865973312083,596.596486594949,198.74366414760476,53.35278771600048,0.0,598.8064731922802,252.09645186360524,0,23,1024,1024,546,0,1,1
19,0.19,2,0.0,2.3408053296934956,628.3466556107905,159.70771349736646,42.864854341155024,0.0,630.687460940484,202.57256783852148,0,24,1024,1024,439,0,1,1
20,0.2,2,0.0,2.455087604917713,660.2684885541904,99.09413283894786,26.59121009971409,0.0,662.7235761591081,125.68534293866195,0,25,1024,1015,272,0,1,1
21,0.21,2,0.0,2.5823863166020993,703.8611645843779,87.28560277369269,23.419185821091556,0.0,706.44355090098,110.70478859478425,0,26,1024,894,240,0,1,1
22,0.22,2,0.0,2.6209012837250807,726.0779360586156,94.68820782376805,25.40061598785176,0.0,728.6988373423407,120.08882381161982,0,27,1024,970,260,0,1,1
23,0.23,2,0.0,4.012704084208641,744.7486752578175,110.94504826994456,29.758185148957754,0.0,748.7613793420261,140.70323341890233,0,41,1024,1024,305,0,1,1
24,0.24,2,0.0,3.654018679526274,706.2115897557474,123.93928014183545,33.24157752712425,0.0,709.8656084352737,157.1808576689597,0,37,1024,1024,340,0,1,1
25,0.25,1,0.0,0.0,0.0,124.45628900911667,33.37957433489175,0.0,0.0,157.83586334400843,0,0,0,1024,342,0,0,1
26,0.26,1,0.0,0.0,0.0,122.98786117753836,32.9868673579125,0.0,0.0,155.97472853545088,0,0,0,1024,338,0,0,1
27,0.27,1,0.0,0.0,0.0,137.72384101499273,36.94053432034909,0.0,0.0,174.66437533534182,0,0,0,1024,378,0,0,1
28,0.28,1,0.0,0.0,0.0,167.04144853370312,44.805849890939456,0.0,0.0,211.8472984246426,0,0,0,1024,459,0,0,1
29,0.29,1,0.0,0.0,0.0,179.83374248630165,48.23970874956902,0.0,0.0,228.07345123587066,0,0,0,1024,494,0,0,1
30,0.3,1,0.0,0.0,0.0,170.64783002660903,45.7785907625254,0.0,0.0,216.42642078913443,0,0,0,1024,469,0,0,1
31,0.31,1,0.0,0.0,0.0,162.92032582968116,43.70823007060717,0.0,0.0,206.62855590028835,0,0,0,1024,448,0,0,1
32,0.32,1,0.0,0.0,0.0,157.80051535796747,42.33920934709374,0.0,0.0,200.1397247050612,0,0,0,1024,434,0,0,1
33,0.33,1,0.0,0.0,0.0,143.16221219003242,38.41363913487436,0.0,0.0,181.57585132490678,0,0,0,1024,393,0,0,1
34,0.34,2,0.0,0.0,0.0,267.67313080310663,72.8327201014398,104.16928886702432,0.0,444.67513977157074,0,0,0,1024,746,1024,0,1
35,0.35000000000000003,2,0.0,0.0,0.0,216.6649570988088,58.931429656487936,81.6339009365193,0.0,357.23028769181605,0,0,0,1024,603,836,0,1
36,0.36,2,0.0,0.0,0.0,144.79546473786098,39.42055457621614,58.50337684322542,0.0,242.71939615730255,0,0,0,1024,404,599,0,1
37,0.37,2,0.0,0.0,0.0,95.35303163560043,26.056052068580165,48.396332618472,0.0,169.8054163226526,0,0,0,976,267,496,0,1
38,0.38,2,0.0,0.0,0.0,71.35873699139715,19.635674756844598,50.235027048884234,0.0,141.22943879712597,0,0,0,731,201,514,0,1
39,0.39,2,0.0,0.0,0.0,64.91445478710453,17.952859051075556,54.96168028001941,0.0,137.8289941181995,0,0,0,665,184,563,0,1
40,0.4,2,0.0,0.0,0.0,70.04766131730238,19.402872447008818,62.29098689768377,0.0,151.74152066199497,0,0,0,717,199,638,0,1
41,0.41000000000000003,2,0.0,0.0,0.0,72.59646484293965,20.13875249484991,67.28585151337498,0.0,160.02106885116456,0,0,0,743,206,689,0,1
42,0.42,2,0.0,0.0,0.0,0.0,2.349168457594474,63.116387406071425,0.0,65.4655558636659,0,0,0,0,24,646,0,1
43,0.43,2,0.0,0.0,0.0,0.0,2.6526616431407475,62.867736758508464,0.0,65.52039840164922,0,0,0,0,27,644,0,1
44,0.44,2,0.0,0.0,0.0,0.0,2.5069128140822348,65.63431229171891,0.0,68.14122510580115,0,0,0,0,26,672,0,1
45,0.45,3,800.0533731763242,168.15631643189022,0.0,0.0,2.199399178992404,68.62063412730879,968.2096896082144,70.8200333063012,1024,1024,0,0,23,703,1,1
46,0.46,3,781.2149435192761,168.09031703377826,0.0,0.0,1.6282599980231138,71.2375863937957,949.3052605530543,72.8658463918188,1024,1024,0,0,17,729,1,1
47,0.47000000000000003,4,694.4058134134095,151.04585395518444,0.0,0.0,0.9212031509860715,73.75351194173379,845.4516673685939,74.67471509271986,1024,1024,0,0,9,755,1,1
48,0.48,4,587.9311800614472,128.1232307654958,0.0,0.0,0.8212976264350778,77.60769402433144,716.054410826943,78.42899165076652,1024,1024,0,0,8,795,1,1
49,0.49,4,496.2376107361184,107.71704479913886,0.0,0.0,0.9425514942047637,86.42905572346096,603.9546555352573,87.37160721766573,1024,1024,0,0,10,885,1,1
50,0.5,4,429.2117709165185,92.6142110837415,0.0,0.0,1.0799047719708221,95.15747678712903,521.82598200026,96.23738155909984,1024,948,0,0,11,974,1,1
51,0.51,2,475.4869094904844,130.22097342198126,0.0,0.0,0.644732266317093,102.4068704104098,605.7078829124656,103.05160267672689,1024,1024,0,0,7,1024,1,1
52,0.52,2,436.86865121834336,119.32318703620426,0.0,0.0,0.7578986072883345,110.8283385651214,556.1918382545476,111.58623717240974,1024,1024,0,0,8,1024,1,1
53,0.53,2,409.88406751302284,111.79389448894422,0.0,0.0,0.9052956887378065,118.70515427154575,521.6779620019671,119.61044996028356,1024,1024,0,0,9,1024,1,1
54,0.54,2,384.55531625250603,104.74001796154248,0.0,0.0,0.7730775987009223,134.27150792151392,489.2953342140485,135.04458552021484,1024,1024,0,0,8,1024,1,1
55,0.55,2,357.3007715178046,97.14947307850545,0.0,0.0,1.2021900527565927,172.89698966883842,454.4502445963101,174.09917972159502,1024,995,0,0,12,1024,1,1
56,0.56,3,378.76600616922315,129.4727877293109,65.03286961823103,0.0,1.9172810574615766,226.62740774721016,573.2716635167651,228.54468880467172,1024,1024,666,0,20,1024,1,1
57,0.5700000000000001,5,349.4252059538204,126.2527356731707,76.82433022091878,0.0,3.0210846938579605,314.29502629637295,552.5022718479099,317.3161109902309,1024,1024,787,0,31,1024,1,1
58,0.58,6,326.42293495121856,111.35567319255946,91.73429171722765,0.0,4.2163216708098545,378.81443010140816,529.5128998610056,383.030751772218,1024,1024,939,0,43,1024,1,1
59,0.59,7,318.1221331673634,102.313915959788,105.69559584329988,0.0,5.006784029804155,412.7933351571888,526.1316449704514,417.80011918699296,1024,1024,1024,0,51,1024,1,1
60,0.6,8,308.9563020634653,99.94525279372078,110.63890619302268,0.0,4.964196118585452,409.0705801510736,519.5404610502087,414.03477626965906,1024,1023,1024,0,51,1024,1,1
61,0.61,8,292.42823991105126,95.31848976184328,108.4974945652166,0.0,4.031353499788884,371.4471100124384,496.24422423811114,375.4784635122273,1024,976,1024,0,41,1024,1,1
62,0.62,8,279.73758430550066,90.19241941972675,113.57647595423526,0.0,3.214897785235158,352.12686345201223,483.50647967946264,355.3417612372474,1024,924,1024,0,33,1024,1,1
63,0.63,8,260.20922663500227,81.30686042918965,114.8250197866692,0.0,2.6438096480339213,348.48585674244447,456.34110685086114,351.1296663904784,1024,833,1024,0,27,1024,1,1
64,0.64,8,246.72611653639322,73.92910988721087,114.02804763763285,0.0,2.210593813130998,353.48409861505394,434.68327406123694,355.6946924281849,1024,757,1024,0,23,1024,1,1
65,0.65,8,233.21322213058536,67.98845063231111,109.96511033402257,0.0,1.868652708905638,365.27659697659294,411.16678309691906,367.1452496854986,1024,696,1024,0,19,1024,1,1
66,0.66,8,201.9334004158554,55.50314753012164,97.15932899919905,0.0,1.7042437085625777,395.87814506252437,354.5958769451761,397.5823887710869,1024,568,995,0,17,1024,1,1
67,0.67,8,147.8282610534732,41.101726849488486,88.16437949871116,0.0,1.70068061573331,449.33896118894995,277.0943674016728,451.03964180468324,1024,421,903,0,17,1024,1,1
68,0.68,8,143.63871543212585,40.68259833053062,90.40435443694152,0.0,1.770134892372123,509.4935406421891,274.725668199598,511.26367553456123,1024,417,926,0,18,1024,1,1
69,0.6900000000000001,7,149.85694393048848,42.219570392411754,92.96814166480354,0.0,1.8459806531049177,556.7274996457534,285.0446559877038,558.5734802988583,1024,432,952,0,19,1024,1,1
70,0.7000000000000001,7,145.8439543190873,40.81858142344801,91.20539760919543,0.0,1.9263034379537571,591.0940754509309,277.8679333517307,593.0203788888846,1024,418,934,0,20,1024,1,1
71,0.71,7,142.57370749561755,39.684926758094015,89.50671391002557,0.0,2.053251008258181,629.7181156798972,271.76534816373714,631.7713666881554,1024,406,917,0,21,1024,1,1
72,0.72,7,151.2066488672823,41.85915774588666,91.75837627275423,0.0,2.2508905141777613,681.657046578933,284.82418288592316,683.9079370931107,1024,429,940,0,23,1024,1,1
73,0.73,7,157.68321684899763,53.41844447145457,97.10805120534542,0.0,2.457889775899881,731.3959966049474,308.2097125257976,733.8538863808473,1024,547,994,0,25,1024,1,1
74,0.74,7,158.54241069604285,49.85884759163328,95.1493630785036,0.0,2.605673985618609,761.5594023226221,303.5506213661797,764.1650763082407,1024,511,974,0,27,1024,1,1
75,0.75,4,144.76199044277772,40.50692422503662,91.87960517110757,0.0,2.7051670285061413,706.8783314509701,277.1485198389219,709.5834984794762,1024,415,941,0,28,1024,1,1
76,0.76,3,118.52704041394186,32.533843128657374,72.47683103745108,0.0,2.754531689289947,720.6809517353947,223.5377145800503,723.4354834246847,1024,333,742,0,28,1024,1,1
77,0.77,2,81.84772399432974,21.959575066926543,0.0,0.0,2.754231819364212,726.850201031806,103.80729906125629,729.6044328511703,838,225,0,0,28,1024,1,1
78,0.78,2,55.71654315643528,14.946733255471164,0.0,0.0,2.6283015012375617,709.214296877779,70.66327641190644,711.8425983790166,571,153,0,0,27,1024,1,1
79,0.79,2,42.36552577051184,11.363946171041162,0.0,0.0,2.400489269944074,669.3579841544617,53.729471941553,671.7584734244058,434,116,0,0,25,1024,1,1
80,0.8,2,65.58932979562063,17.59198295886535,0.0,0.0,3.4198180017955484,643.2469323599016,83.18131275448599,646.6667503616972,672,180,0,0,35,1024,1,1
81,0.81,1,0.0,0.0,0.0,0.0,2.961761675749869,579.7177847261951,0.0,582.6795464019449,0,0,0,0,30,1024,0,1
82,0.8200000000000001,0,0.0,0.0,0.0,0.0,0.0,0.0,0.0,0.0,0,0,0,0,0,0,0,0
83,0.8300000000000001,0,0.0,0.0,0.0,0.0,0.0,0.0,0.0,0.0,0,0,0,0,0,0,0,0
84,0.84,0,0.0,0.0,0.0,0.0,0.0,0.0,0.0,0.0,0,0,0,0,0,0,0,0
85,0.85,0,0.0,0.0,0.0,0.0,0.0,0.0,0.0,0.0,0,0,0,0,0,0,0,0
86,0.86,0,0.0,0.0,0.0,0.0,0.0,0.0,0.0,0.0,0,0,0,0,0,0,0,0
87,0.87,0,0.0,0.0,0.0,0.0,0.0,0.0,0.0,0.0,0,0,0,0,0,0,0,0
88,0.88,1,0.0,0.4180462042498316,43.35066160882572,0.0,0.0,0.0,43.76870781307555,0.0,0,4,444,0,0,0,1,0
89,0.89,1,0.0,0.39722328444479466,41.12177622670678,0.0,0.0,0.0,41.51899951115157,0.0,0,4,421,0,0,0,1,0
90,0.9,1,0.0,0.35186327963960773,36.35448288048579,0.0,0.0,0.0,36.7063461601254,0.0,0,4,372,0,0,0,1,0
91,0.91,1,0.0,0.33125643675752175,34.163530261420824,0.0,0.0,0.0,34.494786698178345,0.0,0,3,350,0,0,0,1,0
92,0.92,1,0.0,0.44950634533335343,46.218778422104776,0.0,0.0,0.0,46.66828476743813,0.0,0,5,473,0,0,0,1,0
93,0.93,1,0.0,0.5674658704046194,58.17462704970008,0.0,0.0,0.0,58.742092920104696,0.0,0,6,596,0,0,0,1,0
94,0.9400000000000001,1,0.0,0.6710314540895331,68.57701175702275,0.0,0.0,0.0,69.24804321111228,0.0,0,7,702,0,0,0,1,0
95,0.9500000000000001,1,0.0,0.7487265595094035,76.2381284635624,0.0,0.0,0.0,76.98685502307181,0.0,0,8,781,0,0,0,1,0
96,0.96,1,0.0,0.8348474178510652,84.64350898799044,0.0,0.0,0.0,85.47835640584151,0.0,0,9,867,0,0,0,1,0
97,0.97,1,0.0,0.960499377438785,96.89151997116257,0.0,0.0,0.0,97.85201934860135,0.0,0,10,992,0,0,0,1,0
98,0.98,1,0.0,1.1190307614172472,112.1753677000856,0.0,0.0,0.0,113.29439846150285,0.0,0,11,1024,0,0,0,1,0
99,0.99,2,0.0,5.508802459951614,131.69864681862663,0.0,0.0,0.0,137.20744927857825,0.0,0,56,1024,0,0,0,1,0
100,1.0,2,0.0,7.414270327928859,144.08492589485326,0.0,0.0,0.0,151.4991962227821,0.0,0,76,1024,0,0,0,1,0
101,1.01,3,0.0,7.537117553012916,153.65490264687566,479.6395771551224,100.3477576193937,0.0,161.19202019988856,579.9873347745162,0,77,1024,1024,1024,0,1,1
102,1.02,3,0.0,7.955857851576347,166.99750338601928,471.16930207745344,100.6256676152606,0.0,174.95336123759563,571.7949696927141,0,81,1024,1024,1024,0,1,1
103,1.03,4,0.0,8.006654274422491,179.95010600378785,433.3608661132624,93.65280644886359,0.0,187.95676027821034,527.013672562126,0,82,1024,1024,959,0,1,1
104,1.04,4,0.0,6.981474096304215,188.124153653041,387.6742739221494,84.07982831748164,0.0,195.10562774934522,471.75410223963104,0,71,1024,1024,861,0,1,1
105,1.05,4,0.0,4.6928892219521865,189.98923881550738,346.58125007762527,75.02743765390944,0.0,194.68212803745956,421.6086877315347,0,48,1024,1024,768,0,1,1
106,1.06,2,0.0,1.0657505255256718,177.49950463474391,320.17348496675515,69.06802429240257,0.0,178.56525516026957,389.24150925915774,0,11,1024,1024,707,0,1,1
107,1.07,2,0.0,1.0815993876505752,172.84678184167618,311.7433676843087,67.01354221326447,0.0,173.92838122932676,378.75690989757317,0,11,1024,1024,686,0,1,1
108,1.08,2,0.0,1.0868915444580731,164.62069232478788,319.2332581553759,68.43141432359258,0.0,165.70758386924595,387.66467247896844,0,11,1024,1024,701,0,1,1
109,1.09,2,0.0,1.1361196593248735,159.59764751057745,413.99740972832313,112.9954769160416,0.0,160.7337671699023,526.9928866443647,0,12,1024,1024,1024,0,1,1
110,1.1,2,0.0,1.241429417078442,157.30768339534205,425.60603898736474,116.02234628435355,0.0,158.5491128124205,541.6283852717183,0,13,1024,1024,1024,0,1,1
111,1.11,2,0.0,0.8843080102863705,150.61032769086356,447.8615047343795,121.95912849766212,0.0,151.49463570114992,569.8206332320416,0,9,1024,1024,1024,0,1,1
112,1.12,4,0.0,0.9919611810165018,143.96276444278377,716.0642869534738,201.7471832383337,165.86595522405577,144.95472562380027,1083.6774254158634,0,10,1024,1024,1024,1024,1,1
113,1.1300000000000001,5,0.0,1.0348261065928936,126.81212453170924,743.1389586733227,209.13518995937918,158.59023441953056,127.84695063830213,1110.8643830522324,0,11,1024,1024,1024,1024,1,1
114,1.1400000000000001,9,0.0,0.7780469945779289,95.00614277556532,780.5181726556478,218.32019337761474,151.8648831004312,95.78418977014326,1150.7032491336938,0,8,973,1024,1024,1024,1,1
115,1.1500000000000001,9,0.0,0.8139538611564884,80.24009496360539,814.6980963243235,229.69382386341798,147.1451208003696,81.05404882476188,1191.5370409881111,0,8,822,1024,1024,1024,1,1
116,1.16,9,0.0,0.7577677910928957,69.2230836210832,829.3765277640131,230.66356380622915,140.689454364384,69.98085141217611,1200.729545934626,0,8,709,1024,1024,1024,1,1
117,1.17,9,0.0,0.48619724754245813,47.62516073682436,816.7656523768716,239.4619169145721,131.56267401970786,48.11135798436682,1187.7902433111515,0,5,488,1024,1024,1024,1,1
118,1.18,9,0.0,0.1731604070411101,18.498581036204722,777.619872771928,231.33311556869208,127.93037169168737,18.671741443245832,1136.8833600323076,0,2,189,1024,1024,1024,0,1
119,1.19,9,0.0,0.002422289059224517,0.3038126462057508,720.5716240750269,208.2856737518827,127.58493046778264,0.30623493526497536,1056.4422282946923,0,0,3,1024,1024,1024,0,1
120,1.2,9,0.0,0.2387066372464187,36.632077738889265,654.1406482618794,179.63167893645715,125.60081387486217,36.87078437613568,959.3731410731988,0,2,375,1024,1024,1024,1,1
121,1.21,9,0.0,0.39984919556276116,74.8565464314263,586.5907762753557,160.26981860454762,115.64683182968274,75.25639562698906,862.507426709586,0,4,767,1024,1024,1024,1,1
122,1.22,9,0.0,0.4946635561731975,113.19684620416406,515.131868756107,139.89131388969537,106.18418673426723,113.69150976033725,761.2073693800695,0,5,1024,1024,1024,1024,1,1
123,1.23,9,0.0,0.6015540448855116,163.92644799939418,449.72487437997125,122.1285462078463,99.2925662954333,164.5280020442797,671.1459868832509,0,6,1024,1024,1024,1017,1,1
124,1.24,9,0.0,0.6940835016163529,216.56133312330957,392.09791737678984,106.75471370795297,93.06045641868747,217.2554166249259,591.9130875034302,0,7,1024,1024,1024,953,1,1
125,1.25,7,0.0,0.740692268079113,254.16005088350215,342.9794229531406,93.74130387335474,85.89088770926391,254.90074315158125,522.6116145357593,0,8,1024,1024,960,880,1,1
126,1.26,7,0.0,0.8207503079575484,292.88206391855925,301.49184424554187,82.50990058805033,76.37330582507141,293.7028142265168,460.37505065866355,0,8,1024,1024,845,782,1,1
127,1.27,7,0.0,0.8891832136516334,323.97533223875433,274.9476541889384,74.85574865013997,69.55896109288776,324.86451545240595,419.3623639319661,0,9,1024,1024,767,712,1,1
128,1.28,7,0.0,0.9760516766157306,355.60467244789055,254.2855410256844,70.9498253093584,64.01336221829116,356.5807241245063,389.248728553334,0,10,1024,1024,727,655,1,1
129,1.29,5,0.0,1.1029593400581232,395.94793741164403,255.47513904158606,69.9110802835969,62.13871057799159,397.05089675170217,387.52492990317455,0,11,1024,1024,716,636,1,1
130,1.3,5,0.0,1.2562252753683278,440.45702505778087,240.03430880821296,65.06039230849235,60.95498332156789,441.7132503331492,366.04968443827323,0,13,1024,1024,666,624,1,1
131,1.31,4,0.0,1.4486829276865503,494.09405142709363,213.50012804511283,57.924381296761204,61.51658958386063,495.5427343547802,332.9410989257347,0,15,1024,1024,593,630,1,1
132,1.32,3,0.0,1.6627640206485768,553.1207954190227,179.81053495524856,48.894928338547516,64.73297493710363,554.7835594396712,293.4384382308997,0,17,1024,1024,501,663,1,1
133,1.33,3,0.0,2.1231426691804365,611.4321450991808,146.60997772004097,40.014639398245684,68.95012943648818,613.5552877683613,255.57474655477483,0,22,1024,1024,410,706,1,1
134,1.34,3,0.0,2.401106215456254,651.8521996552695,128.57612945558623,35.17110312915372,69.34772268495173,654.2533058707257,233.0949552696917,0,25,1024,1024,360,710,1,1
135,1.35,3,0.0,2.5466785640615592,681.9945364299158,123.95712127044023,33.88084360806733,64.77329356114143,684.5412149939774,222.611258439649,0,26,1024,1024,347,663,1,1
136,1.36,3,0.0,2.6849325778267983,718.4911106215822,118.77205238287237,32.44497251895131,60.60941625923566,721.1760431994089,211.82644116105934,0,27,1024,1024,332,621,1,1
137,1.37,1,0.0,2.714471041925721,731.840396923036,0.0,0.0,0.0,734.5548679649618,0.0,0,28,1024,0,0,0,1,0
138,1.3800000000000001,1,0.0,4.143725803785229,745.5408079535192,0.0,0.0,0.0,749.6845337573044,0.0,0,42,1024,0,0,0,1,0
139,1.3900000000000001,1,0.0,3.8122013975924904,713.1217847980055,0.0,0.0,0.0,716.933986195598,0.0,0,39,1024,0,0,0,1,0
140,1.4000000000000001,1,0.0,3.3281091795108773,655.6384784385014,0.0,0.0,0.0,658.9665876180122,0.0,0,34,1024,0,0,0,1,0
141,1.41,0,0.0,0.0,0.0,0.0,0.0,0.0,0.0,0.0,0,0,0,0,0,0,0,0
142,1.42,0,0.0,0.0,0.0,0.0,0.0,0.0,0.0,0.0,0,0,0,0,0,0,0,0
143,1.43,0,0.0,0.0,0.0,0.0,0.0,0.0,0.0,0.0,0,0,0,0,0,0,0,0
144,1.44,0,0.0,0.0,0.0,0.0,0.0,0.0,0.0,0.0,0,0,0,0,0,0,0,0
145,1.45,0,0.0,0.0,0.0,0.0,0.0,0.0,0.0,0.0,0,0,0,0,0,0,0,0
146,1.46,0,0.0,0.0,0.0,0.0,0.0,0.0,0.0,0.0,0,0,0,0,0,0,0,0
147,1.47,1,0.0,0.0,0.0,0.0,1.0953331567940099,113.52243084432023,0.0,114.61776400111424,0,0,0,0,11,1024,0,1
148,1.48,1,0.0,0.0,0.0,0.0,1.0370343187252564,107.3210378779626,0.0,108.35807219668786,0,0,0,0,11,1024,0,1
149,1.49,1,0.0,0.0,0.0,0.0,0.9083505529848653,93.83978802821224,0.0,94.74813858119711,0,0,0,0,9,961,0,1
150,1.5,1,0.0,0.0,0.0,0.0,0.7343114973864424,75.69519201138266,0.0,76.4295035087691,0,0,0,0,8,775,0,1
151,1.51,1,0.0,0.0,0.0,0.0,0.621814935292291,64.01065293353841,0.0,64.6324678688307,0,0,0,0,6,655,0,1
152,1.52,1,0.0,0.0,0.0,0.0,0.6462762617174841,66.3870956540474,0.0,67.03337191576489,0,0,0,0,7,680,0,1
153,1.53,1,0.0,0.0,0.0,0.0,0.7499434747148366,76.85363954943479,0.0,77.60358302414963,0,0,0,0,8,787,0,1
154,1.54,1,0.0,0.0,0.0,0.0,0.843511131889658,86.17734715548191,0.0,87.02085828737157,0,0,0,0,9,882,0,1
155,1.55,2,0.0,0.0,0.0,0.0,5.327610833049371,94.79146449773093,0.0,100.1190753307803,0,0,0,0,55,971,0,1
156,1.56,2,0.0,0.0,0.0,0.0,7.632435080255336,100.60058866135196,0.0,108.2330237416073,0,0,0,0,78,1024,0,1
157,1.57,2,0.0,0.0,0.0,0.0,7.436936777582603,106.28255576049212,0.0,113.71949253807472,0,0,0,0,76,1024,0,1
158,1.58,3,740.6164106588334,155.91043420828512,0.0,0.0,6.789842989725285,109.12867705517013,896.5268448671185,115.91852004489542,1024,1024,0,0,70,1024,1,1
159,1.59,4,762.4884812166354,164.7831228254054,0.0,0.0,5.069793392697094,102.89813929742505,927.2716040420407,107.96793269012214,1024,1024,0,0,52,1024,1,1
160,1.6,4,747.3064271631417,163.83639867969626,0.0,0.0,2.4250078668259922,87.25576359452839,911.142825842838,89.68077146135438,1024,1024,0,0,25,893,1,1
161,1.61,4,698.3915724556261,153.72140169191516,0.0,0.0,0.7740135666132691,73.07846400481537,852.1129741475413,73.85247757142864,1024,1024,0,0,8,748,1,1
162,1.62,4,614.7151853948054,134.58015362417552,0.0,0.0,0.7551222730388258,69.26351073489916,749.2953390189809,70.01863300793798,1024,1024,0,0,8,709,1,1
163,1.6300000000000001,4,526.4012700547364,114.33238216695123,0.0,0.0,0.7337328935666078,64.91751668824384,640.7336522216876,65.65124958181045,1024,1024,0,0,8,665,1,1
164,1.6400000000000001,2,448.4172831306626,96.7498670404839,0.0,0.0,0.4532281339957862,72.75847359417158,545.1671501711465,73.21170172816736,1024,991,0,0,5,745,1,1
165,1.6500000000000001,3,471.9398722037725,129.38255005040182,0.0,0.0,0.6017577105667036,89.75182568180776,601.3224222541743,90.35358339237446,1024,1024,0,0,6,919,1,1
166,1.6600000000000001,2,411.5456396519891,112.530470530676,0.0,0.0,0.8323324489780031,112.73519399658369,524.0761101826652,113.5675264455617,1024,1024,0,0,9,1024,1,1
167,1.67,3,378.71773962796436,103.3283571732485,0.0,0.0,1.2195285100054378,144.10786452670484,482.04609680121285,145.32739303671028,1024,1024,0,0,12,1024,1,1
168,1.68,4,451.4730745513757,160.00037839592946,90.35427364614088,0.0,1.1359749070368037,173.1621894621409,701.8277265934461,174.2981643691777,1024,1024,925,0,12,1024,1,1
169,1.69,5,455.507520009983,141.7685470886015,108.26508479324153,0.0,1.7482577043059628,218.1238738840902,705.541151891826,219.87213158839614,1024,1024,1024,0,18,1024,1,1
170,1.7,8,445.8255966315583,139.41824445609836,117.48372798830832,0.0,2.7395166359040335,293.1204085172638,702.727569075965,295.8599251531678,1024,1024,1024,0,28,1024,1,1
171,1.71,9,437.30918990514687,138.06395377096726,132.3416075101827,0.0,3.9317484461674534,351.0957762622844,707.7147511862968,355.02752470845184,1024,1024,1024,0,40,1024,1,1
172,1.72,9,420.7633049972519,135.20469682952827,143.46374105664407,0.0,4.893925813597911,388.9895788939075,699.4317428834242,393.8835047075054,1024,1024,1024,0,50,1024,1,1
173,1.73,9,394.2207941525837,125.45529298080339,134.2631528909874,0.0,5.254797222365745,401.8145733552278,653.9392400243745,407.0693705775936,1024,1024,1024,0,54,1024,1,1
174,1.74,9,350.51461970670664,103.32762464075263,133.27220103046318,0.0,4.862098476258893,396.7445706060305,587.1144453779225,401.6066690822894,1024,1024,1024,0,50,1024,1,1
175,1.75,9,295.33758614418036,84.03711273796532,120.10370205607488,0.0,3.850562645811813,366.28919701169633,499.4784009382206,370.13975965750814,1024,861,1024,0,39,1024,1,1
176,1.76,9,243.95623219689517,68.76620931326748,105.13251527960833,0.0,3.3228857229539472,366.66053619206997,417.854956789771,369.98342191502394,1024,704,1024,0,34,1024,1,1
177,1.77,9,195.90568521976888,54.50671661528725,90.90997795904846,0.0,2.6906057990485333,368.61237708007104,341.32237979410456,371.30298287911955,1024,558,931,0,28,1024,1,1
178,1.78,9,147.5358876580501,40.53232600300061,77.27089237904187,0.0,2.265783743075748,383.8688149889299,265.3391060400926,386.13459873200566,1024,415,791,0,23,1024,1,1
179,1.79,9,137.03001760283894,37.65977633627118,75.26987690548425,0.0,2.0024782706488473,412.9133537600088,249.95967084459437,414.91583203065767,1024,386,771,0,21,1024,1,1
180,1.8,8,142.93644871423285,39.38146228302409,81.2486861341401,0.0,1.860314197995228,454.8665726243677,263.56659713139703,456.7268868223629,1024,403,832,0,19,1024,1,1
181,1.81,7,153.37628665234402,42.45439220423226,89.01651003174207,0.0,1.817641435093371,506.0483111343308,284.8471888883184,507.86595256942417,1024,435,912,0,19,1024,1,1
182,1.82,7,162.70283169496707,45.098100101493934,93.5980420325273,0.0,1.8577885593695997,560.5075041842892,301.39897382898835,562.3652927436589,1024,462,958,0,19,1024,1,1
183,1.83,7,163.5339135683529,51.47328258360875,95.41829138971313,0.0,1.9246144794952353,605.4695993754812,310.4254875416748,607.3942138549764,1024,527,977,0,20,1024,1,1
184,1.84,6,161.2820139007283,48.68509943175292,92.64701092478163,0.0,1.9811295791655839,633.2677019738655,302.6141242572628,635.2488315530311,1024,499,949,0,20,1024,1,1
185,1.85,7,150.48912366866625,42.3126904908955,91.742921174967,0.0,2.166225508631234,673.043854039051,284.54473533452875,675.2100795476822,1024,433,939,0,22,1024,1,1
186,1.86,6,140.99539396893027,39.52515824809323,88.25748940375081,0.0,2.3359237124384378,704.3659336216234,268.7780416207743,706.7018573340619,1024,405,904,0,24,1024,1,1
187,1.87,6,140.4362026486899,39.17140174031636,88.68595828502991,0.0,2.5502731840520196,744.4098036692318,268.2935626740362,746.9600768532838,1024,401,908,0,26,1024,1,1
188,1.8800000000000001,5,142.50285838319397,39.09426192798895,86.19971860048912,0.0,2.757444285724366,781.0686324225499,267.796838911672,783.8260767082742,1024,400,883,0,28,1024,1,1
189,1.8900000000000001,4,0.0,0.6078289020014642,60.66954440088736,0.0,2.882847919651283,798.5464046085934,61.277373302888826,801.4292525282447,0,6,621,0,30,1024,1,1
190,1.9000000000000001,1,0.0,0.0,0.0,0.0,2.8833235704340394,722.3725714176578,0.0,725.2558949880919,0,0,0,0,30,1024,0,1
191,1.9100000000000001,1,0.0,0.0,0.0,0.0,2.826957637458903,722.526514254469,0.0,725.3534718919279,0,0,0,0,29,1024,0,1
192,1.92,1,0.0,0.0,0.0,0.0,2.6564146907589508,704.2465547268779,0.0,706.9029694176369,0,0,0,0,27,1024,0,1
193,1.93,1,0.0,0.0,0.0,0.0,2.3801714897048005,663.7383295033425,0.0,666.1185009930473,0,0,0,0,24,1024,0,1
194,1.94,1,0.0,0.0,0.0,0.0,3.3400181555730937,637.8729237469419,0.0,641.212941902515,0,0,0,0,34,1024,0,1
195,1.95,1,0.0,0.0,0.0,0.0,2.933506211805255,583.3427114493493,0.0,586.2762176611545,0,0,0,0,30,1024,0,1
196,1.96,0,0.0,0.0,0.0,0.0,0.0,0.0,0.0,0.0,0,0,0,0,0,0,0,0
197,1.97,0,0.0,0.0,0.0,0.0,0.0,0.0,0.0,0.0,0,0,0,0,0,0,0,0
198,1.98,0,0.0,0.0,0.0,0.0,0.0,0.0,0.0,0.0,0,0,0,0,0,0,0,0
199,1.99,0,0.0,0.0,0.0,0.0,0.0,0.0,0.0,0.0,0,0,0,0,0,0,0,0
200,2.0,1,0.0,0.4297240218780166,44.56471163286122,0.0,0.0,0.0,44.994435654739235,0.0,0,4,456,0,0,0,1,0
201,2.0100000000000002,1,0.0,0.4647243249773298,48.091920284842004,0.0,0.0,0.0,48.55664460981934,0.0,0,5,492,0,0,0,1,0
202,2.02,1,0.0,0.4641842361036733,47.91940513507616,0.0,0.0,0.0,48.38358937117984,0.0,0,5,491,0,0,0,1,0
203,2.0300000000000002,1,0.0,0.43720653344490523,45.024348916632825,0.0,0.0,0.0,45.46155545007773,0.0,0,4,461,0,0,0,1,0
204,2.04,1,0.0,0.3931138372298383,40.390368722436,0.0,0.0,0.0,40.78348255966584,0.0,0,4,414,0,0,0,1,0
205,2.05,1,0.0,0.34058053233476787,34.920257060720814,0.0,0.0,0.0,35.260837593055584,0.0,0,3,358,0,0,0,1,0
206,2.06,1,0.0,0.3073580581923708,31.462941831354946,0.0,0.0,0.0,31.770299889547317,0.0,0,3,322,0,0,0,1,0
207,2.07,1,0.0,0.4233773720657082,43.24743841202391,0.0,0.0,0.0,43.67081578408962,0.0,0,4,443,0,0,0,1,0
208,2.08,1,0.0,0.5287661969130901,53.89147029175761,0.0,0.0,0.0,54.420236488670696,0.0,0,5,552,0,0,0,1,0
209,2.09,1,0.0,0.6188207865990494,62.888884291375064,0.0,0.0,0.0,63.507705077974116,0.0,0,6,644,0,0,0,1,0
210,2.1,1,0.0,0.6992731258174881,70.795333487806,0.0,0.0,0.0,71.49460661362349,0.0,0,7,725,0,0,0,1,0
211,2.11,1,0.0,0.7724637225888072,77.85652186067809,0.0,0.0,0.0,78.6289855832669,0.0,0,8,797,0,0,0,1,0
212,2.12,1,0.0,0.8549136214047142,85.70183603104266,0.0,0.0,0.0,86.55674965244738,0.0,0,9,878,0,0,0,1,0
213,2.13,2,0.0,1.6692502316871154,95.00785400853805,0.0,0.0,0.0,96.67710424022516,0.0,0,17,973,0,0,0,1,0
214,2.14,2,0.0,2.662315670320784,104.42950531802254,0.0,0.0,0.0,107.09182098834331,0.0,0,27,1024,0,0,0,1,0
215,2.15,2,0.0,3.163759643589536,114.74587093227382,0.0,0.0,0.0,117.90963057586336,0.0,0,32,1024,0,0,0,1,0
216,2.16,2,0.0,3.534764534657313,125.44780730853897,0.0,0.0,0.0,128.9825718431963,0.0,0,36,1024,0,0,0,1,0
217,2.17,4,0.0,3.775623628986492,138.43928736872323,425.9833997062623,89.3505470783669,0.0,142.21491099770972,515.3339467846292,0,39,1024,1024,915,0,1,1
218,2.18,4,0.0,3.9900172747600786,155.4610849344167,394.8363996359077,84.06902051139575,0.0,159.45110220917678,478.90542014730346,0,41,1024,1024,861,0,1,1
219,2.19,4,0.0,4.302126994751276,174.29054350141632,344.0387119829958,73.77806070924817,0.0,178.5926704961676,417.81677269224394,0,44,1024,1024,755,0,1,1
220,2.2,4,0.0,4.210353423229673,191.50917918225576,295.0193516005009,63.39429898173906,0.0,195.71953260548543,358.41365058223994,0,43,1024,1024,649,0,1,1
221,2.21,2,0.0,1.168581339823774,190.69814702003214,268.0188278409664,57.587900411018865,0.0,191.86672835985593,325.60672825198526,0,12,1024,1024,590,0,1,1
222,2.22,2,0.0,1.2256200548632383,190.61359355964498,267.13265902072493,57.32069076815793,0.0,191.83921361450822,324.45334978888286,0,13,1024,1024,587,0,1,1
223,2.23,2,0.0,1.2398271847862727,181.12770179174186,291.3386605707175,62.41664098199519,0.0,182.36752897652812,353.7553015527127,0,13,1024,1024,639,0,1,1
224,2.24,2,0.0,1.288758990926019,173.31380228595557,390.21963926494107,106.46275598705776,0.0,174.6025612768816,496.68239525199886,0,13,1024,1024,1024,0,1,1
225,2.25,2,0.0,1.4123762537723126,170.4715248153248,396.46694447004694,108.00513610122007,0.0,171.88390106909713,504.47208057126704,0,14,1024,1024,1024,0,1,1
226,2.2600000000000002,2,0.0,1.026751009281073,165.32759318373917,408.14445637366737,111.04686916061574,0.0,166.35434419302024,519.1913255342831,0,11,1024,1024,1024,0,1,1
227,2.27,2,0.0,1.2191110199020796,165.45006106838886,432.31240566465493,117.52679614026532,0.0,166.66917208829094,549.8392018049202,0,12,1024,1024,1024,0,1,1
228,2.2800000000000002,2,0.0,1.394475511163641,158.3562548251584,465.62851406810876,126.49692163722065,0.0,159.75073033632205,592.1254357053294,0,14,1024,1024,1024,0,1,1
229,2.29,4,0.0,1.388870730703033,144.3148982355708,498.24030696100044,135.25953782274175,0.0,145.70376896627386,633.4998447837422,0,14,1024,1024,1024,0,1,1
230,2.3000000000000003,5,0.0,1.1295786977777016,106.42353616099021,628.6291339703953,207.71059254077707,90.72385675636494,107.55311485876791,927.0635832675373,0,12,1024,1024,1024,929,1,1
231,2.31,5,0.0,0.7409616502448948,67.36698401496868,625.8200315120795,206.47058208965126,89.91403639727578,68.10794566521358,922.2046499990065,0,8,690,1024,1024,921,1,1
232,2.32,7,0.0,0.39539065064250184,38.35228706269088,627.9975642183713,184.42788921982168,104.41269530987944,38.74767771333338,916.8381487480724,0,4,393,1024,1024,1024,1,1
233,2.33,7,0.0,0.2480315569947483,26.857568695435347,587.8503103626814,171.56703991268046,103.06768887226826,27.105600252430097,862.4850391476301,0,3,275,1024,1024,1024,1,1
234,2.34,7,0.0,0.33754634583934395,43.76025213585817,537.6269500337747,158.68400314101294,101.66561923030348,44.09779848169751,797.9765724050911,0,3,448,1024,1024,1024,1,1
235,2.35,7,0.0,0.4584721439236905,73.75436601741954,476.70041009415104,140.89148862434828,96.66326021906518,74.21283816134323,714.2551589375645,0,5,755,1024,1024,990,1,1
236,2.36,7,0.0,0.555787088269846,109.33875612478772,412.9481016734729,121.55864855270595,88.3503973624492,109.89454321305757,622.8571475886281,0,6,1024,1024,1024,905,1,1
237,2.37,7,0.0,0.5809401678882656,140.2552417472061,351.2199585658622,102.37148376421122,79.06210133682403,140.83618191509436,532.6535436668975,0,6,1024,1024,1024,810,1,1
238,2.38,7,0.0,0.6432078542711999,184.79076890727288,292.56321573461196,84.23168138910876,68.34556141327741,185.43397676154407,445.14045853699815,0,7,1024,1024,863,700,1,1
239,2.39,5,0.0,0.6762423166809302,222.6568960353874,236.7044865564482,67.03453673930116,56.59073618896588,223.33313835206835,360.3297594847152,0,7,1024,1024,686,579,1,1
240,2.4,5,0.0,0.7431276031521595,262.5123688340069,176.14230914267722,52.3541224274289,40.224005559277344,263.2554964371591,268.72043712938347,0,8,1024,1024,536,412,1,1
241,2.41,2,0.0,0.8365724897241158,304.16355701662746,114.71796594613261,30.836059472268243,0.0,305.0001295063516,145.55402541840084,0,9,1024,1024,316,0,1,1
242,2.42,2,0.0,0.9360577379905597,342.2036130770495,126.11204811873978,33.878582532541174,0.0,343.13967081504006,159.99063065128095,0,10,1024,1024,347,0,1,1
243,2.43,2,0.0,1.1150410816716705,398.25582377157815,152.42422348683928,40.92544580714939,0.0,399.3708648532498,193.34966929398865,0,11,1024,1024,419,0,1,1
244,2.44,2,0.0,1.3012238316539402,445.4430101259906,188.97083699140387,50.715975539013556,0.0,446.74423395764455,239.68681253041743,0,13,1024,1024,519,0,1,1
245,2.45,3,0.0,1.5395402013276616,498.3923489833616,223.56493810998955,59.98012549414073,0.0,499.9318891846893,283.5450636041303,0,16,1024,1024,614,0,1,1
246,2.46,4,0.0,1.825513967378042,551.4630839521631,236.84491120308275,63.52695552081023,0.0,553.2885979195411,300.371866723893,0,19,1024,1024,651,0,1,1
247,2.47,4,0.0,2.052889671558632,592.4850759635585,206.26833593649425,55.31461266064181,0.0,594.5379656351172,261.58294859713607,0,21,1024,1024,566,0,1,1
248,2.48,4,0.0,2.2570168216563258,633.1631773636663,151.66384675549463,40.665472235720515,0.0,635.4201941853225,192.32931899121513,0,23,1024,1024,416,0,1,1
249,2.49,1,0.0,2.5221878889476135,624.7521966536412,0.0,0.0,0.0,627.2743845425889,0.0,0,26,1024,0,0,0,1,0
250,2.5,1,0.0,2.606372596006885,645.8225386264934,0.0,0.0,0.0,648.4289112225002,0.0,0,27,1024,0,0,0,1,0
251,2.5100000000000002,1,0.0,2.6626676492649564,669.4871386232568,0.0,0.0,0.0,672.1498062725217,0.0,0,27,1024,0,0,0,1,0
252,2.52,1,0.0,2.7357678888251846,701.3307648284738,0.0,0.0,0.0,704.066532717299,0.0,0,28,1024,0,0,0,1,0
253,2.5300000000000002,1,0.0,2.6791133935604394,710.2726941912837,0.0,0.0,0.0,712.9518075848441,0.0,0,27,1024,0,0,0,1,0
254,2.54,1,0.0,4.004575073859082,722.6060408041624,0.0,0.0,0.0,726.6106158780215,0.0,0,41,1024,0,0,0,1,0
255,2.5500000000000003,1,0.0,3.6488314059482807,691.2881557009564,0.0,0.0,0.0,694.9369871069047,0.0,0,37,1024,0,0,0,1,0
256,2.56,1,0.0,2.807046574707478,561.3493208859072,0.0,0.0,0.0,564.1563674606147,0.0,0,29,1024,0,0,0,1,0
257,2.57,0,0.0,0.0,0.0,0.0,0.0,0.0,0.0,0.0,0,0,0,0,0,0,0,0
258,2.58,0,0.0,0.0,0.0,0.0,0.0,0.0,0.0,0.0,0,0,0,0,0,0,0,0
259,2.59,0,0.0,0.0,0.0,0.0,0.0,0.0,0.0,0.0,0,0,0,0,0,0,0,0
260,2.6,0,0.0,0.0,0.0,0.0,0.0,0.0,0.0,0.0,0,0,0,0,0,0,0,0
261,2.61,0,0.0,0.0,0.0,0.0,0.0,0.0,0.0,0.0,0,0,0,0,0,0,0,0
262,2.62,0,0.0,0.0,0.0,0.0,0.0,0.0,0.0,0.0,0,0,0,0,0,0,0,0
263,2.63,2,0.0,0.0,0.0,251.66574128600388,68.79197522300173,133.2508682955442,0.0,453.7085848045498,0,0,0,1024,704,1024,0,1
264,2.64,2,0.0,0.0,0.0,221.98796284958848,60.70680557652268,119.74253050220909,0.0,402.4372989283203,0,0,0,1024,622,1024,0,1
265,2.65,2,0.0,0.0,0.0,184.92834328007703,50.56111844593583,98.08658398080411,0.0,333.57604570681696,0,0,0,1024,518,1004,0,1
266,2.66,2,0.0,0.0,0.0,113.00931198817882,31.004463284158426,70.70171833150286,0.0,214.71549360384012,0,0,0,1024,317,724,0,1
267,2.67,2,0.0,0.0,0.0,65.99089635288345,18.201768600344565,51.05367675911738,0.0,135.24634171234538,0,0,0,676,186,523,0,1
268,2.68,1,0.0,0.0,0.0,0.0,0.41423113632685743,42.490024994707085,0.0,42.90425613103394,0,0,0,0,4,435,0,1
269,2.69,1,0.0,0.0,0.0,0.0,0.45201504157235456,46.28343922553416,0.0,46.73545426710651,0,0,0,0,5,474,0,1
270,2.7,1,0.0,0.0,0.0,0.0,0.5166927449806465,52.78079910236875,0.0,53.2974918473494,0,0,0,0,5,540,0,1
271,2.71,1,0.0,0.0,0.0,0.0,0.6966453107298054,70.90288670898371,0.0,71.59953201971352,0,0,0,0,7,726,0,1
272,2.72,1,0.0,0.0,0.0,0.0,0.8737757340939707,88.55427779172966,0.0,89.42805352582363,0,0,0,0,9,907,0,1
273,2.73,2,0.0,0.0,0.0,0.0,4.457935680004652,104.61961615648895,0.0,109.0775518364936,0,0,0,0,46,1024,0,1
274,2.74,2,0.0,0.0,0.0,0.0,3.769682676746501,106.11194965647277,0.0,109.88163233321927,0,0,0,0,39,1024,0,1
275,2.75,2,0.0,0.0,0.0,0.0,3.2987557584337,97.83612632269248,0.0,101.13488208112618,0,0,0,0,34,1002,0,1
276,2.7600000000000002,3,549.4097810545632,114.35308769501073,0.0,0.0,3.306489391474062,86.49500913018412,663.7628687495738,89.80149852165817,1024,1024,0,0,34,886,1,1
277,2.77,4,652.8880820742246,138.86320376961316,0.0,0.0,3.161096173568362,84.57550965996859,791.7512858438378,87.73660583353696,1024,1024,0,0,32,866,1,1
278,2.7800000000000002,4,619.7724688198591,133.57290331154198,0.0,0.0,2.6484918650145564,89.38240379771834,753.3453721314011,92.0308956627329,1024,1024,0,0,27,915,1,1
279,2.79,4,534.3165422452267,115.56735647635999,0.0,0.0,1.6968979194011382,94.52985072909007,649.8838987215868,96.22674864849121,1024,1024,0,0,17,968,1,1
280,2.8000000000000003,4,426.0849365613769,91.81819746472341,0.0,0.0,1.317297443790387,117.73167050957727,517.9031340261002,119.04896795336765,1024,940,0,0,13,1024,1,1
281,2.81,2,345.7036947287875,74.09783124800414,0.0,0.0,0.8080939619139149,132.24305485721368,419.80152597679165,133.0511488191276,1024,759,0,0,8,1024,1,1
282,2.82,2,398.75986167693907,105.19663334218373,0.0,0.0,0.8801425686016459,135.57283987338548,503.9564950191228,136.45298244198713,1024,1024,0,0,9,1024,1,1
283,2.83,2,388.1425013700271,102.17945473180498,0.0,0.0,0.9418739055469388,133.91229306384145,490.3219561018321,134.8541669693884,1024,1024,0,0,10,1024,1,1
284,2.84,3,573.9362361479904,219.7880438095564,167.67221246471374,0.0,1.1212241456364418,142.8125010111203,961.3964924222605,143.93372515675674,1024,1024,1024,0,11,1024,1,1
285,2.85,3,492.18217561669235,182.41592673610145,129.0567840161108,0.0,0.9844461560018716,165.6028951189615,803.6548863689046,166.58734127496336,1024,1024,1024,0,10,1024,1,1
286,2.86,3,406.51431613328566,146.52838072736628,96.70538679733126,0.0,1.4156632715633883,199.12115224422053,649.7480836579832,200.5368155157839,1024,1024,990,0,14,1024,1,1
287,2.87,3,330.19836258354087,117.09184140428526,74.15006402622495,0.0,2.1430712115392807,245.31887198779992,521.4402680140511,247.4619431993392,1024,1024,759,0,22,1024,1,1
288,2.88,6,291.9118481321348,99.30347956967225,82.79131669786423,0.0,3.195342736157192,320.56755591282854,474.00664439967125,323.76289864898575,1024,1017,848,0,33,1024,1,1
289,2.89,7,273.08694619289935,92.97698274629364,99.678864023643,0.0,4.37862641411402,381.48264950698695,465.742792962836,385.86127592110097,1024,952,1021,0,45,1024,1,1
290,2.9,7,243.94263317005812,86.04775319074943,111.05850786499741,0.0,5.3284855345431925,431.1816702682794,441.04889422580493,436.51015580282257,1024,881,1024,0,55,1024,1,1
291,2.91,8,213.8692840033705,77.05112348014477,112.56994617789147,0.0,5.577858328134813,444.4009922198635,403.49035366140674,449.9788505479983,1024,789,1024,0,57,1024,1,1
292,2.92,8,194.65729377636268,69.41154517853316,103.85508117453733,0.0,4.345245434059173,388.02393877665804,367.9239201294332,392.3691842107172,1024,711,1024,0,44,1024,1,1
293,2.93,8,190.70536228348982,67.59947977788207,95.75395783432208,0.0,3.5676922548066714,355.4051359148203,354.058799895694,358.97282816962695,1024,692,981,0,37,1024,1,1
294,2.94,8,178.12269611105407,61.12233718031675,90.43291078715961,0.0,2.7803571007587484,324.67414224947913,329.67794407853046,327.4544993502379,1024,626,926,0,28,1024,1,1
295,2.95,8,132.24910742515127,45.842839651785134,81.38035665031639,0.0,2.385544177125155,338.30210532720434,259.4723037272528,340.6876495043295,1024,469,833,0,24,1024,1,1
296,2.96,7,130.04128752348532,44.00110882971122,81.25592592283704,0.0,2.1454991757841606,367.42469478540374,255.2983222760336,369.5701939611879,1024,451,832,0,22,1024,1,1
297,2.97,7,121.5896121632554,39.99529025072867,79.17049561725855,0.0,1.8898919836562174,390.849981414338,240.75539803124263,392.73987339799424,1024,410,811,0,19,1024,1,1
298,2.98,7,111.69497562415017,36.91693518533672,77.00834824671566,0.0,1.710836654861641,416.98426919517453,225.62025905620254,418.69510585003616,1024,378,789,0,18,1024,1,1
299,2.99,7,109.62606968651772,37.0301888448316,79.26481678613527,0.0,1.6444124953107888,457.3213938656713,225.9210753174846,458.9658063609821,1024,379,812,0,17,1024,1,1
